constituency_name,party,mp_name,category_2024,2024,category_2029,2029
Aberafan Maesteg,LAB,Stephen Kinnock,Non-religious majority,53.46591064468386,Non-religious majority,61.83959975665745
Aldershot,LAB,Alex Baker,Christian plurality,40.91241913692087,Non-religious plurality,45.735304522117474
Aldridge-Brownhills,CON,Wendy Morton,Christian majority,53.4504064789597,Christian plurality,44.91129135775051
Altrincham and Sale West,LAB,Connor Rand,Christian plurality,48.892457219371444,Christian plurality,40.97213872743817
Alyn and Deeside,LAB,Mark Tami,Christian plurality,49.84559261522072,Non-religious majority,50.86013863551649
Amber Valley,LAB,Linsey Farnsworth,Non-religious majority,50.355037430807336,Non-religious majority,59.23248843173161
Arundel and South Downs,CON,Andrew Griffith,Christian majority,53.01451590580769,Non-religious plurality,47.94968884048087
Ashfield,RFM,Lee Anderson,Non-religious majority,51.1018784504547,Non-religious majority,59.861563793599046
Ashford,LAB,Sojan Joseph,Christian plurality,44.41226307927999,Non-religious majority,50.51664367634881
Ashton-under-Lyne,LAB,Angela Rayner,Christian plurality,45.65674763060112,Non-religious plurality,43.99073215564407
Aylesbury,LAB,Laura Kyrke-Smith,Christian plurality,44.75897260162098,Non-religious plurality,43.12489751798248
Banbury,LAB,Sean Woodcock,Christian plurality,49.51884106282396,Non-religious plurality,46.56704062593533
Bangor Aberconwy,LAB,Claire Hughes,Christian plurality,47.56182168811466,Non-religious majority,51.536003764189545
Barking,LAB,Nesil Caliskan,Christian plurality,43.15958978972942,Christian plurality,36.92255430420928
Barnsley North,LAB,Dan Jarvis,Christian majority,50.274233092187494,Non-religious majority,53.421605787982976
Barnsley South,LAB,Stephanie Peacock,Christian plurality,48.66315577936593,Non-religious majority,55.14814471235125
Barrow and Furness,LAB,Michelle Scrogham,Christian majority,52.25388125209406,Non-religious plurality,49.48591451361377
Basildon and Billericay,CON,Richard Holden,Christian plurality,45.91473951790024,Non-religious majority,52.784351874240755
Basingstoke,LAB,Luke Murphy,Non-religious plurality,46.318777925705916,Non-religious majority,53.42408232835911
Bassetlaw,LAB,Jo White,Christian majority,53.70827395118174,Non-religious plurality,48.518322877061465
Bath,LDM,Wera Hobhouse,Non-religious majority,51.273884188639975,Non-religious majority,59.04871123987069
Battersea,LAB,Marsha de Cordova,Christian plurality,41.26507676060093,Non-religious plurality,45.11405613035804
Beaconsfield,CON,Joy Morrissey,Christian plurality,47.071425856388835,Christian plurality,39.84956145971712
Beckenham and Penge,LAB,Liam Conlon,Christian plurality,45.104051524023866,Non-religious plurality,46.98451371103275
Bedford,LAB,Mohammad Yasin,Christian plurality,46.06557882327913,Christian plurality,39.49892115809906
Bermondsey and Old Southwark,LAB,Neil Coyle,Non-religious plurality,40.37227783790493,Non-religious plurality,44.926323576210514
Bethnal Green and Stepney,LAB,Rushanara Ali,Muslim plurality,42.848006180582125,Muslim plurality,46.23357673986136
Beverley and Holderness,CON,Graham Stuart,Christian majority,51.87045557862425,Non-religious plurality,49.90452146329954
Bexhill and Battle,CON,Kieran Mullan,Christian plurality,49.79119237385901,Non-religious majority,50.47137484526713
Bexleyheath and Crayford,LAB,Daniel Francis,Christian plurality,48.70479705853432,Christian plurality,41.87059374834823
Bicester and Woodstock,LDM,Calum Miller,Christian plurality,49.457488665037765,Non-religious plurality,48.190826412591896
Birkenhead,LAB,Alison McGovern,Christian majority,51.604243352132904,Non-religious plurality,49.06200877282069
Birmingham Edgbaston,LAB,Preet Kaur Gill,Christian plurality,38.085913106474955,Non-religious plurality,34.481941377434254
Birmingham Erdington,LAB,Paulette Hamilton,Christian plurality,45.02075976574054,Christian plurality,37.60850838381839
Birmingham Hall Green and Moseley,LAB,Tahir Ali,Muslim majority,52.23539020175212,Muslim majority,57.308091041697985
Birmingham Hodge Hill and Solihull North,LAB,Liam Byrne,Muslim plurality,35.42995458495463,Muslim plurality,40.38095237222787
Birmingham Ladywood,LAB,Shabana Mahmood,Muslim plurality,46.75934639296447,Muslim majority,51.943710670469464
Birmingham Northfield,LAB,Laurence Turner,Christian plurality,45.40625363618321,Non-religious plurality,48.20330134003878
Birmingham Perry Barr,IND,Ayoub Khan,Muslim plurality,40.82201262075205,Muslim plurality,46.481487432299964
Birmingham Selly Oak,LAB,Alistair Carns,Non-religious plurality,38.91051319663145,Non-religious plurality,43.83808961703759
Birmingham Yardley,LAB,Jess Phillips,Muslim plurality,40.47442951587655,Muslim plurality,45.896608575304846
Bishop Auckland,LAB,Sam Rushworth,Christian majority,56.39046756287869,Non-religious plurality,47.508337673001435
Blackburn,IND,Adnan Hussain,Muslim plurality,45.0707806224678,Muslim plurality,49.57778681652298
Blackley and Middleton South,LAB,Graham Stringer,Christian plurality,49.54609793982164,Christian plurality,42.007480514963156
Blackpool North and Fleetwood,LAB,Lorraine Beavers,Christian majority,54.75576556727418,Non-religious plurality,47.93476287780735
Blackpool South,LAB,Chris Webb,Christian plurality,48.52241348734718,Non-religious majority,52.23369372859478
Blaenau Gwent and Rhymney,LAB,Nick Smith,Non-religious majority,58.21278688014518,Non-religious majority,65.91291483992487
Blaydon and Consett,LAB,Liz Twist,Christian majority,53.52019487371027,Non-religious majority,50.66178545118565
Blyth and Ashington,LAB,Ian Lavery,Christian plurality,47.70346333176727,Non-religious majority,55.412381240683715
Bognor Regis and Littlehampton,CON,Alison Griffiths,Christian majority,50.171487497092826,Non-religious majority,50.09107840755718
Bolsover,LAB,Natalie Fleet,Christian plurality,46.92958670266619,Non-religious majority,55.856893537522076
Bolton North East,LAB,Kirith Entwistle,Christian plurality,47.78847168248716,Christian plurality,39.220073440283635
Bolton South and Walkden,LAB,Yasmin Qureshi,Christian plurality,39.81940546862691,Non-religious plurality,33.7785269375957
Bolton West,LAB,Phil Brickell,Christian majority,53.8817055979265,Christian plurality,45.52391239462717
Bootle,LAB,Peter Dowd,Christian majority,63.11883433755124,Christian majority,55.65108092267843
Boston and Skegness,RFM,Richard Tice,Christian majority,56.576992275439274,Christian plurality,48.98711524023211
Bournemouth East,LAB,Tom Hayes,Christian plurality,45.88398841210805,Non-religious plurality,48.93604292519924
Bournemouth West,LAB,Jessica Toale,Non-religious plurality,46.72336508679319,Non-religious majority,53.6135610140506
Bracknell,LAB,Peter Swallow,Christian plurality,44.39024410153555,Non-religious majority,50.20122493350539
Bradford East,LAB,Imran Hussain,Muslim plurality,41.70737896944871,Muslim plurality,45.8192626091518
Bradford South,LAB,Judith Cummins,Christian plurality,37.32990066635233,Non-religious plurality,41.53297953739848
Bradford West,LAB,Naseem Shah,Muslim majority,56.36432963225898,Muslim majority,60.8280134405494
Braintree,CON,James Cleverly,Christian plurality,46.65378915933913,Non-religious majority,54.14006352562616
"Brecon, Radnor and Cwm Tawe",LDM,David Chadwick,Christian plurality,46.2723710328883,Non-religious majority,53.539363931573206
Brent East,LAB,Dawn Butler,Christian plurality,41.71337291007187,Christian plurality,38.7230135675151
Brent West,LAB,Barry Gardiner,Christian plurality,34.61510922351115,Christian plurality,33.14791704592393
Brentford and Isleworth,LAB,Ruth Cadbury,Christian plurality,38.673645062545056,Christian plurality,35.659364071772785
Brentwood and Ongar,CON,Alex Burghart,Christian majority,53.47346289389115,Christian plurality,46.39722221289864
Bridgend,LAB,Chris Elmore,Non-religious majority,50.948284678504585,Non-religious majority,59.35485847456643
Bridgwater,CON,Ashley Fox,Christian plurality,48.89368670764737,Non-religious majority,51.77585195277913
Bridlington and The Wolds,CON,Charlie Dewhirst,Christian majority,53.11743450590329,Non-religious plurality,48.48841693780221
Brigg and Immingham,CON,Martin Vickers,Christian majority,52.89936056284827,Non-religious plurality,48.90730629188134
Brighton Kemptown and Peacehaven,LAB,Chris Ward,Non-religious majority,53.77483193179762,Non-religious majority,60.68702923731587
Brighton Pavilion,GRN,Siân Berry,Non-religious majority,62.28855145468655,Non-religious majority,68.40815563909783
Bristol Central,GRN,Carla Denyer,Non-religious majority,60.891501425127046,Non-religious majority,66.83899704834786
Bristol East,LAB,Kerry McCarthy,Non-religious majority,51.19796596734423,Non-religious majority,57.41366450790763
Bristol North East,LAB,Damien Egan,Non-religious plurality,48.970353769080546,Non-religious majority,55.84178383346832
Bristol North West,LAB,Darren Jones,Non-religious majority,50.638502677245626,Non-religious majority,58.432288966459886
Bristol South,LAB,Karin Smyth,Non-religious majority,60.13106332142526,Non-religious majority,67.48666626627156
Broadland and Fakenham,CON,Jerome Mayhew,Christian plurality,48.60074899732613,Non-religious majority,53.27837366467393
Bromley and Biggin Hill,CON,Peter Fortune,Christian plurality,47.25381589614058,Non-religious plurality,45.739759846274026
Bromsgrove,CON,Bradley Thomas,Christian majority,52.4042542951596,Non-religious plurality,47.451019284662586
Broxbourne,CON,Lewis Cocking,Christian majority,51.50869291768567,Christian plurality,44.1134369676433
Broxtowe,LAB,Juliet Campbell,Non-religious plurality,48.90089235456851,Non-religious majority,56.962877976240364
Buckingham and Bletchley,LAB,Callum Anderson,Christian plurality,45.90762321115243,Non-religious plurality,45.90156003501249
Burnley,IND,Oliver Ryan,Christian plurality,44.69665105734168,Non-religious plurality,37.097538509426805
Burton and Uttoxeter,LAB,Jacob Collier,Christian plurality,48.91199612981442,Non-religious plurality,42.25993673186261
Bury North,LAB,James Frith,Christian majority,50.978155443081995,Christian plurality,42.576228512028855
Bury South,LAB,Christian Wakeford,Christian plurality,41.91931959589248,Non-religious plurality,35.47036567481764
Bury St Edmunds and Stowmarket,LAB,Peter Prinsley,Christian plurality,46.91502076155011,Non-religious majority,53.55454291205694
Caerfyrddin,PC,Ann Davies,Christian plurality,49.084764689137906,Non-religious majority,51.600267911340744
Caerphilly,LAB,Chris Evans,Non-religious majority,56.72426409600059,Non-religious majority,65.0878554192236
Calder Valley,LAB,Josh Fenton-Glynn,Non-religious plurality,48.1015893033526,Non-religious majority,56.61989747559314
Camborne and Redruth,LAB,Perran Moon,Non-religious majority,50.35660524177937,Non-religious majority,58.88556978082007
Cambridge,LAB,Daniel Zeichner,Non-religious plurality,47.38633077201545,Non-religious majority,51.109769120928576
Cannock Chase,LAB,Josh Newbury,Christian majority,51.69968202737686,Non-religious majority,51.21121853729904
Canterbury,IND,Rosie Duffield,Christian plurality,44.28520740682577,Non-religious majority,50.687009452978195
Cardiff East,LAB,Jo Stevens,Non-religious plurality,44.97660498512474,Non-religious majority,50.78134393054084
Cardiff North,LAB,Anna McMorrin,Non-religious plurality,45.48895922923701,Non-religious majority,52.395605664899634
Cardiff South and Penarth,LAB,Stephen Doughty,Non-religious plurality,45.91025252417294,Non-religious majority,51.22846697617563
Cardiff West,LAB,Alex Barros-Curtis,Non-religious plurality,47.20084245624992,Non-religious majority,53.621720442578244
Carlisle,LAB,Julie Minns,Christian majority,51.154877322604406,Non-religious majority,50.06942404747523
Carshalton and Wallington,LDM,Bobby Dean,Christian plurality,44.650445121525614,Non-religious plurality,39.97130445412462
Castle Point,CON,Rebecca Harris,Christian plurality,48.105737933346745,Non-religious majority,53.21139603618899
Central Devon,CON,Mel Stride,Christian plurality,46.9320951061607,Non-religious majority,54.08716635380875
Central Suffolk and North Ipswich,IND,Patrick Spencer,Christian plurality,46.876780270684485,Non-religious majority,52.78519677582544
Ceredigion Preseli,PC,Ben Lake,Christian plurality,46.49673533100551,Non-religious majority,51.59432141588093
Chatham and Aylesford,LAB,Tristan Osborne,Non-religious plurality,45.01899901839684,Non-religious majority,52.73543019173963
Cheadle,LDM,Tom Morrison,Christian plurality,47.669379738655884,Non-religious plurality,42.804969595956486
Chelmsford,LDM,Marie Goldman,Christian plurality,44.51837214049434,Non-religious majority,50.14008532721721
Chelsea and Fulham,LAB,Ben Coleman,Christian plurality,48.331590832894605,Christian plurality,43.80527786219102
Cheltenham,LDM,Max Wilkinson,Non-religious plurality,47.07849654753285,Non-religious majority,54.53301345592367
Chesham and Amersham,LDM,Sarah Green,Christian plurality,47.34706060326395,Non-religious plurality,40.74277551094069
Chester North and Neston,LAB,Samantha Dixon,Christian plurality,49.44410141623167,Non-religious plurality,49.83012327242436
Chester South and Eddisbury,CON,Aphra Brandreth,Christian majority,57.0924495722246,Christian plurality,48.75449084633561
Chesterfield,LAB,Toby Perkins,Christian plurality,46.802854833138326,Non-religious majority,54.7251404275923
Chichester,LDM,Jessica Brown-Fuller,Christian majority,50.593972054678396,Non-religious plurality,49.44642442224906
Chingford and Woodford Green,CON,Iain Duncan Smith,Christian plurality,45.14304029886523,Christian plurality,39.797998402633816
Chippenham,LDM,Sarah Gibson,Non-religious plurality,46.105496923255096,Non-religious majority,54.035496002137606
Chipping Barnet,LAB,Dan Tomlinson,Christian plurality,41.55790960030023,Christian plurality,38.02894758524131
Chorley,SPK,Lindsay Hoyle,Christian majority,58.16822448283617,Christian majority,50.138339301360645
Christchurch,CON,Christopher Chope,Christian majority,52.756481044822166,Non-religious plurality,47.054342826623895
Cities of London and Westminster,LAB,Rachel Blake,Christian plurality,36.5223980598546,Non-religious plurality,34.865437210087066
City of Durham,LAB,Mary Foy,Christian plurality,49.18564103523446,Non-religious majority,50.80585443625629
Clacton,RFM,Nigel Farage,Christian majority,50.0920701714302,Non-religious majority,51.615153000419056
Clapham and Brixton Hill,LAB,Bell Ribeiro-Addy,Non-religious plurality,43.281602332211534,Non-religious plurality,47.91098053063013
Clwyd East,LAB,Becky Gittins,Christian majority,50.77144323145048,Non-religious plurality,49.92112373919943
Clwyd North,LAB,Gill German,Christian plurality,47.980464021196006,Non-religious majority,51.762803943663805
Colchester,LAB,Pam Cox,Non-religious plurality,47.001991562107825,Non-religious majority,53.953063779825094
Colne Valley,LAB,Paul Davies,Non-religious plurality,46.274797737773156,Non-religious majority,54.29043649191557
Congleton,LAB,Sarah Russell,Christian majority,53.82745678836842,Non-religious plurality,48.38639163184541
Corby and East Northamptonshire,LAB,Lee Barron,Christian plurality,49.41361992480073,Non-religious majority,50.52204497164394
Coventry East,LAB,Mary Creagh,Christian plurality,43.81991355648503,Christian plurality,37.87990834489549
Coventry North West,LAB,Taiwo Owatemi,Christian plurality,46.06082551312517,Christian plurality,40.12457643461592
Coventry South,YP,Zarah Sultana,Christian plurality,39.82314663909602,Non-religious plurality,35.52580704754693
Cramlington and Killingworth,LAB,Emma Foody,Non-religious plurality,47.454409838446054,Non-religious majority,56.49580890153175
Crawley,LAB,Peter Lamb,Christian plurality,42.03946425231224,Non-religious plurality,41.84660241747563
Crewe and Nantwich,LAB,Connor Naismith,Christian majority,52.342844014525966,Non-religious plurality,48.16727705721646
Croydon East,LAB,Natasha Irons,Christian plurality,49.250892724208164,Christian plurality,44.539421706618896
Croydon South,CON,Chris Philp,Christian plurality,46.996426896824126,Christian plurality,42.47871556777417
Croydon West,LAB,Sarah Jones,Christian plurality,47.54771557891805,Christian plurality,43.06632977341576
Dagenham and Rainham,LAB,Margaret Mullane,Christian plurality,48.91403441329419,Christian plurality,42.15198509642286
Darlington,LAB,Lola McEvoy,Christian plurality,49.77753861082067,Non-religious majority,50.72092227825616
Dartford,LAB,Jim Dickson,Christian plurality,46.55342248621698,Non-religious plurality,43.03393766479513
Daventry,CON,Stuart Andrew,Christian plurality,49.840468307754314,Non-religious plurality,48.80179900331068
Derby North,LAB,Catherine Atkinson,Non-religious plurality,42.76037859738192,Non-religious plurality,48.91185417858625
Derby South,LAB,Baggy Shanker,Christian plurality,36.48834702156063,Non-religious plurality,35.84607007729893
Derbyshire Dales,LAB,John Whitby,Christian majority,52.87515394927278,Non-religious plurality,47.99461837761632
Dewsbury and Batley,IND,Iqbal Mohamed,Muslim plurality,41.292943043843785,Muslim plurality,45.15775868078442
Didcot and Wantage,LDM,Olly Glover,Non-religious plurality,46.2191492563279,Non-religious majority,54.02716273756057
Doncaster Central,LAB,Sally Jameson,Christian majority,50.46036824564039,Non-religious plurality,45.489831057295376
Doncaster East and the Isle of Axholme,LAB,Lee Pitcher,Christian majority,53.83029032207224,Non-religious plurality,47.87215426349836
Doncaster North,LAB,Ed Miliband,Christian plurality,48.96495418989051,Non-religious majority,53.899575518032385
Dorking and Horley,LDM,Chris Coghlan,Christian plurality,49.08234471025045,Non-religious plurality,48.78841800409213
Dover and Deal,LAB,Mike Tapp,Christian plurality,48.16724891757289,Non-religious majority,52.945832363020784
Droitwich and Evesham,CON,Nigel Huddleston,Christian majority,55.867581601597,Christian plurality,47.812314486912946
Dudley,LAB,Sonia Kumar,Christian plurality,48.040457546913515,Non-religious plurality,43.470137041979406
Dulwich and West Norwood,LAB,Helen Hayes,Non-religious plurality,42.207916360905614,Non-religious plurality,46.848642488645794
Dunstable and Leighton Buzzard,LAB,Alex Mayer,Christian plurality,47.441825166609604,Non-religious majority,50.41911407861189
Dwyfor Meirionnydd,PC,Liz Saville-Roberts,Christian plurality,47.78454485026432,Non-religious majority,52.74953599319292
Ealing Central and Acton,LAB,Rupa Huq,Christian plurality,39.70086644727907,Christian plurality,35.3075499949573
Ealing North,LAB,James Murray,Christian plurality,42.54626181225804,Christian plurality,38.578191737686886
Ealing Southall,LAB,Deirdre Costigan,Christian plurality,29.943029439306386,Christian plurality,26.952438729892826
Earley and Woodley,LAB,Yuan Yang,Christian plurality,38.892746420981105,Non-religious plurality,41.8265017657698
Easington,LAB,Grahame Morris,Christian majority,53.80500862589831,Non-religious majority,50.53446347704787
East Grinstead and Uckfield,CON,Mims Davies,Christian plurality,47.67376908982544,Non-religious majority,51.61315797203743
East Ham,LAB,Stephen Timms,Muslim plurality,44.33101938674526,Muslim plurality,47.73886461160259
East Hampshire,CON,Damian Hinds,Christian majority,50.402704611869474,Non-religious majority,50.22639220954783
East Surrey,CON,Claire Coutinho,Christian plurality,49.44635718714848,Non-religious plurality,48.304914116821855
East Thanet,LAB,Polly Billington,Non-religious plurality,47.10316331288513,Non-religious majority,55.4501109495784
East Wiltshire,RFM,Danny Kruger,Christian majority,50.88210276287312,Non-religious plurality,47.66037868357447
East Worthing and Shoreham,LAB,Tom Rutland,Non-religious plurality,48.899029432134355,Non-religious majority,57.16810260155093
Eastbourne,LDM,Josh Babarinde,Christian plurality,45.33330446060661,Non-religious majority,51.995062166504155
Eastleigh,LDM,Liz Jarvis,Non-religious plurality,45.78648329530931,Non-religious majority,54.46333536948562
Edmonton and Winchmore Hill,LAB,Kate Osamor,Christian plurality,45.94306670007696,Christian plurality,40.734465544403044
Ellesmere Port and Bromborough,LAB,Justin Madders,Christian majority,52.59969751609812,Non-religious plurality,49.51908063626422
Eltham and Chislehurst,LAB,Clive Efford,Christian plurality,45.95007874390727,Non-religious plurality,42.58639709061465
Ely and East Cambridgeshire,LDM,Charlotte Cane,Christian plurality,46.883479863898344,Non-religious majority,52.45323569815419
Enfield North,LAB,Feryal Clark,Christian plurality,45.80789211445053,Christian plurality,40.358723360917224
Epping Forest,CON,Neil Hudson,Christian plurality,47.02053488337964,Christian plurality,40.27016388310585
Epsom and Ewell,LDM,Helen Maguire,Christian plurality,47.60135593522071,Non-religious plurality,44.310684977348004
Erewash,LAB,Adam Thompson,Non-religious majority,52.848998575104666,Non-religious majority,61.27876309698862
Erith and Thamesmead,LAB,Abena Oppong-Asare,Christian plurality,48.62908722700009,Christian plurality,43.2134638399638
Esher and Walton,LDM,Monica Harding,Christian plurality,48.73574762637578,Non-religious plurality,46.25044083484147
Exeter,LAB,Steve Race,Non-religious majority,51.464814374802614,Non-religious majority,58.77750958707142
Exmouth and Exeter East,CON,David Reed,Non-religious plurality,46.41396489132475,Non-religious majority,54.83102034944337
Fareham and Waterlooville,RFM,Suella Braverman,Non-religious plurality,46.91999039615703,Non-religious majority,55.22081946030794
Farnham and Bordon,CON,Gregory Stafford,Christian plurality,48.90250507066479,Non-religious plurality,49.943087315993914
Faversham and Mid Kent,CON,Helen Whately,Christian plurality,47.989848540112405,Non-religious majority,52.22311368380581
Feltham and Heston,LAB,Seema Malhotra,Christian plurality,37.23611819092715,Christian plurality,34.52089192011034
Filton and Bradley Stoke,LAB,Claire Hazelgrove,Non-religious plurality,47.85368051845301,Non-religious majority,55.46478890279416
Finchley and Golders Green,LAB,Sarah Sackman,Christian plurality,30.931182457488042,Christian plurality,28.07275794741411
Folkestone and Hythe,LAB,Tony Vaughan,Christian plurality,46.37093548797664,Non-religious majority,51.479381725485204
Forest of Dean,LAB,Matt Bishop,Christian plurality,49.580182710453855,Non-religious majority,51.59176642105994
Frome and East Somerset,LDM,Anna Sabine,Non-religious plurality,48.47259469480068,Non-religious majority,56.783063676578735
Fylde,CON,Andrew Snowden,Christian majority,59.656707661227536,Christian majority,52.28580818155033
Gainsborough,CON,Edward Leigh,Christian majority,53.41462387112068,Non-religious plurality,48.028241746754574
Gateshead Central and Whickham,LAB,Mark Ferguson,Christian plurality,47.44741320663672,Non-religious majority,50.91670918614708
Gedling,LAB,Michael Payne,Non-religious majority,50.16915055356864,Non-religious majority,58.011159876822106
Gillingham and Rainham,LAB,Naushabah Khan,Christian plurality,45.06301456866846,Non-religious majority,50.82608000255079
Glastonbury and Somerton,LDM,Sarah Dyke,Christian majority,50.68222937911937,Non-religious plurality,48.77642132380806
Gloucester,LAB,Alex McIntyre,Christian plurality,45.566499793743034,Non-religious plurality,49.19364620418148
Godalming and Ash,CON,Jeremy Hunt,Christian majority,50.86648315554031,Non-religious plurality,48.20942548181107
Goole and Pocklington,CON,David Davis,Christian majority,54.23728952247564,Non-religious plurality,47.266469465805194
Gorton and Denton,GRN,Hannah Spencer,Christian plurality,38.134264383910384,Non-religious plurality,32.380419852951434
Gosport,CON,Caroline Dinenage,Non-religious plurality,47.53604576600981,Non-religious majority,55.851569527396585
Gower,LAB,Tonia Antoniazzi,Non-religious plurality,46.05562571484817,Non-religious majority,54.13344550865148
Grantham and Bourne,CON,Gareth Davies,Christian majority,53.95023473362567,Non-religious plurality,46.852657060290106
Gravesham,LAB,Lauren Sullivan,Christian plurality,48.329504641987846,Christian plurality,41.703128441329405
Great Grimsby and Cleethorpes,LAB,Melanie Onn,Non-religious plurality,49.86573742051312,Non-religious majority,58.57553440507141
Great Yarmouth,REST,Rupert Lowe,Christian plurality,46.44679200341979,Non-religious majority,54.00243026776897
Greenwich and Woolwich,LAB,Matthew Pennycook,Non-religious plurality,38.825535579304336,Non-religious plurality,42.57549725112609
Guildford,LDM,Zöe Franklin,Christian plurality,45.26393139093086,Non-religious plurality,48.3799770069081
Hackney North and Stoke Newington,IND,Diane Abbott,Non-religious plurality,37.46956792900795,Non-religious plurality,39.69830618794357
Hackney South and Shoreditch,LAB,Meg Hillier,Non-religious plurality,43.18420569291448,Non-religious plurality,46.56666464447311
Halesowen,LAB,Alex Ballinger,Christian plurality,46.27657659569731,Non-religious plurality,45.32567801562523
Halifax,LAB,Kate Dearden,Non-religious plurality,39.70025950966775,Non-religious plurality,45.884862286119
Hamble Valley,CON,Paul Holmes,Christian plurality,47.073812346785445,Non-religious majority,54.528169624822254
Hammersmith and Chiswick,LAB,Andrew Slaughter,Christian plurality,41.785608616370354,Non-religious plurality,38.2603549902365
Hampstead and Highgate,LAB,Tulip Siddiq,Non-religious plurality,38.3256723128763,Non-religious plurality,41.889769490075956
"Harborough, Oadby and Wigston",CON,Neil O'Brien,Christian plurality,40.30510293254833,Non-religious plurality,40.663990983433976
Harlow,LAB,Christopher Vince,Christian plurality,45.36738289339201,Non-religious plurality,49.296361280240056
Harpenden and Berkhamsted,LDM,Victoria Collins,Christian plurality,49.567006757200836,Non-religious plurality,48.01454477644047
Harrogate and Knaresborough,LDM,Tom Gordon,Christian majority,51.52831230768985,Non-religious plurality,47.61566068225388
Harrow East,CON,Bob Blackman,Christian plurality,33.615309894672826,Christian plurality,31.780605251040416
Harrow West,LAB,Gareth Thomas,Christian plurality,35.20264513092163,Christian plurality,32.684880086487716
Hartlepool,LAB,Jonathan Brash,Christian majority,51.14965987988691,Non-religious majority,51.455328509677024
Harwich and North Essex,CON,Bernard Jenkin,Christian plurality,46.69507644648331,Non-religious majority,53.13279582384812
Hastings and Rye,LAB,Helena Dollimore,Non-religious majority,51.11326807449159,Non-religious majority,58.895724751616605
Havant,CON,Alan Mak,Non-religious plurality,48.28606808182217,Non-religious majority,56.428788117235406
Hayes and Harlington,LAB,John Martin McDonnell,Christian plurality,32.16918077844797,Christian plurality,26.944196274000277
Hazel Grove,LDM,Lisa Smart,Christian plurality,49.59962383939221,Non-religious majority,51.67361538618914
Hemel Hempstead,LAB,David Taylor,Christian plurality,44.26507853649267,Non-religious plurality,48.53812622309751
Hendon,LAB,David Pinto-Duschinsky,Christian plurality,36.88857836129831,Christian plurality,33.737576383624926
Henley and Thame,LDM,Freddie Van Mierlo,Christian majority,50.74777141841644,Non-religious plurality,48.82461003758447
Hereford and South Herefordshire,CON,Jesse Norman,Christian majority,52.424007234396164,Non-religious plurality,46.75536217947398
Herne Bay and Sandwich,CON,Roger Gale,Christian plurality,49.981099937998486,Non-religious majority,50.87472564970062
Hertford and Stortford,LAB,Josh Dean,Christian plurality,46.57668073986997,Non-religious majority,51.99275733444744
Hertsmere,CON,Oliver Dowden,Christian plurality,41.53609894255957,Christian plurality,36.28190024178664
Hexham,LAB,Joe Morris,Christian majority,54.28783051838746,Non-religious plurality,47.04394301328783
Heywood and Middleton North,LAB,Elsie Blundell,Christian majority,51.11499399988541,Christian plurality,43.2026369136388
High Peak,LAB,Jonathan Pearce,Christian plurality,46.94922662006298,Non-religious majority,54.806809160070536
Hinckley and Bosworth,CON,Luke Evans,Christian plurality,49.55859480620119,Non-religious majority,51.30715201225322
Hitchin,LAB,Alistair Strathern,Non-religious plurality,47.20926941683988,Non-religious majority,54.88746688915308
Holborn and St Pancras,LAB,Keir Starmer,Non-religious plurality,38.615159386554915,Non-religious plurality,41.905425229864875
Honiton and Sidmouth,LDM,Richard Foord,Christian plurality,49.78645412384679,Non-religious majority,51.489954957349624
Hornchurch and Upminster,CON,Julia Lopez,Christian majority,52.40855469696171,Christian plurality,45.04752397303892
Hornsey and Friern Barnet,LAB,Catherine West,Non-religious plurality,44.75285048366344,Non-religious plurality,48.06822412777018
Horsham,LDM,John Milne,Christian plurality,46.52716417419345,Non-religious majority,53.07814065508314
Houghton and Sunderland South,LAB,Bridget Phillipson,Christian majority,53.06286146808203,Non-religious majority,51.70436159212321
Hove and Portslade,LAB,Peter Kyle,Non-religious majority,54.30135764905661,Non-religious majority,61.040045469010906
Huddersfield,LAB,Harpreet Uppal,Christian plurality,35.82360874402384,Non-religious plurality,40.40137891091607
Huntingdon,CON,Ben Obese-Jecty,Christian plurality,46.82344964832257,Non-religious majority,52.10847120775119
Hyndburn,LAB,Sarah Smith,Christian plurality,48.94297428657874,Christian plurality,40.2433651286238
Ilford North,LAB,Wes Streeting,Christian plurality,29.350383251808825,Muslim plurality,33.782674283643146
Ilford South,LAB,Jas Athwal,Muslim plurality,40.22925815839515,Muslim plurality,45.59402172029646
Ipswich,LAB,Jack Abbott,Non-religious plurality,46.14743193818614,Non-religious majority,52.15473682347507
Isle of Wight East,CON,Joe Robertson,Christian plurality,48.354429073306726,Non-religious majority,51.42323350014596
Isle of Wight West,LAB,Richard Quigley,Christian plurality,46.30268156539101,Non-religious majority,53.56916133049968
Islington North,IND,Jeremy Corbyn,Non-religious plurality,45.19986435427329,Non-religious plurality,49.25924807909926
Islington South and Finsbury,LAB,Emily Thornberry,Non-religious plurality,44.28654409027269,Non-religious plurality,48.52201907458763
Jarrow and Gateshead East,LAB,Kate Osborne,Christian majority,52.210812877042834,Non-religious majority,51.365372825342725
Keighley and Ilkley,CON,Robbie Moore,Christian plurality,41.934452354496045,Non-religious plurality,43.394727484038526
Kenilworth and Southam,CON,Jeremy Wright,Christian majority,51.9768153622147,Non-religious plurality,46.85636544842946
Kensington and Bayswater,LAB,Joe Powell,Christian plurality,43.96346228549454,Christian plurality,40.14654624962105
Kettering,LAB,Rosie Wrighting,Christian plurality,46.74695205529478,Non-religious majority,50.8471865334372
Kingston and Surbiton,LDM,Edward Davey,Christian plurality,41.21736523495251,Non-religious plurality,42.96037651324624
Kingston upon Hull East,IND,Karl Turner,Non-religious majority,54.54605218767694,Non-religious majority,62.694822929907126
Kingston upon Hull North and Cottingham,LAB,Diana R. Johnson,Non-religious plurality,46.87164990824848,Non-religious majority,54.567455797186604
Kingston upon Hull West and Haltemprice,LAB,Emma Hardy,Non-religious plurality,45.92903629902563,Non-religious majority,53.978229002393775
Kingswinford and South Staffordshire,CON,Mike Wood,Christian majority,58.5884861002061,Christian majority,50.183392138206315
Knowsley,LAB,Anneliese Midgley,Christian majority,65.08680010826679,Christian majority,56.36716682551717
Lancaster and Wyre,LAB,Cat Smith,Christian majority,50.617176877405775,Non-religious plurality,46.647966299288676
Leeds Central and Headingley,LAB,Alex Sobel,Non-religious majority,50.416471102310524,Non-religious majority,55.90166436362573
Leeds East,LAB,Richard Burgon,Christian plurality,44.055518818199886,Non-religious plurality,42.377586152980726
Leeds North East,LAB,Fabian Hamilton,Christian plurality,35.260146747360025,Non-religious plurality,39.91140200376515
Leeds North West,LAB,Katie White,Christian plurality,46.76661538180043,Non-religious majority,51.04276972785342
Leeds South,LAB,Hilary Benn,Christian plurality,41.43478473872981,Non-religious plurality,45.54020709322689
Leeds South West and Morley,LAB,Mark Sewards,Non-religious plurality,48.522574711362495,Non-religious majority,56.07089442084343
Leeds West and Pudsey,LAB,Rachel Reeves,Non-religious plurality,47.57381301581176,Non-religious majority,54.3297261752934
Leicester East,CON,Shivani Raja,Hindu plurality,40.38743054327893,Hindu plurality,40.589587856709976
Leicester South,IND,Shockat Adam,Muslim plurality,33.28793625076628,Muslim plurality,36.903297814962414
Leicester West,LAB,Liz Kendall,Christian plurality,36.58222372097861,Non-religious plurality,37.78572696225234
Leigh and Atherton,LAB,Jo Platt,Christian majority,57.519041380251636,Christian plurality,48.592827705061644
Lewes,LDM,James MacCleary,Non-religious plurality,48.44153715212422,Non-religious majority,56.67423528108141
Lewisham East,LAB,Janet Daby,Christian plurality,47.23280715442955,Christian plurality,42.32053101133255
Lewisham North,LAB,Vicky Foxcroft,Non-religious plurality,41.853239775494075,Non-religious plurality,46.46882541284778
Lewisham West and East Dulwich,LAB,Ellie Reeves,Non-religious plurality,48.3645313709876,Non-religious majority,53.3234974580969
Leyton and Wanstead,LAB,Calvin Bailey,Christian plurality,38.10117666757712,Christian plurality,33.12966346873205
Lichfield,LAB,Dave Robertson,Christian majority,53.89836960300748,Non-religious plurality,47.84935863731679
Lincoln,LAB,Hamish Falconer,Non-religious plurality,48.141768699657,Non-religious majority,55.773802415458576
Liverpool Garston,LAB,Maria Eagle,Christian majority,59.871093881874145,Christian majority,52.70106427007598
Liverpool Riverside,LAB,Kim Johnson,Christian plurality,45.06692574679734,Non-religious plurality,41.15596131921235
Liverpool Walton,LAB,Dan Carden,Christian majority,64.73519544864367,Christian majority,57.708684584564594
Liverpool Wavertree,LAB,Paula Barker,Christian plurality,47.31080521478951,Non-religious plurality,41.61515853971282
Liverpool West Derby,LAB,Ian Byrne,Christian majority,63.51639704945383,Christian majority,56.301930458497274
Llanelli,LAB,Nia Griffith,Non-religious plurality,47.9789649452752,Non-religious majority,56.50311267318979
Loughborough,LAB,Jeevun Sandher,Non-religious plurality,43.46977607125183,Non-religious majority,50.22703983783282
Louth and Horncastle,CON,Victoria Atkins,Christian majority,53.225872470078684,Non-religious plurality,48.63684569403198
Lowestoft,LAB,Jessica Asato,Non-religious plurality,49.22070504130771,Non-religious majority,57.82892444553337
Luton North,LAB,Sarah Owen,Christian plurality,39.10839537712042,Muslim plurality,35.88114388325649
Luton South and South Bedfordshire,LAB,Rachel Hopkins,Christian plurality,39.107681850939194,Christian plurality,32.917597686448495
Macclesfield,LAB,Tim Roca,Christian majority,51.3600094718406,Non-religious plurality,49.90008850222907
Maidenhead,LDM,Joshua Reynolds,Christian plurality,47.50074805309681,Christian plurality,40.50772922996004
Maidstone and Malling,CON,Helen Grant,Christian plurality,46.73726275628524,Non-religious plurality,49.00708911169431
Makerfield,VAC,Vacant,Christian majority,63.20373349897949,Christian majority,54.57099613412245
Maldon,CON,John Whittingdale,Christian plurality,48.92127110609022,Non-religious majority,51.89828219685943
Manchester Central,LAB,Lucy Powell,Non-religious plurality,38.77317786736331,Non-religious plurality,43.26235943600981
Manchester Rusholme,LAB,Afzal Khan,Non-religious plurality,33.02272573149917,Muslim plurality,35.55683234462064
Manchester Withington,LAB,Jeff Smith,Non-religious plurality,48.39202581689516,Non-religious majority,52.6161559159267
Mansfield,LAB,Steve Yemm,Non-religious plurality,46.438315652741466,Non-religious majority,54.949334323790055
Melksham and Devizes,LDM,Brian Mathew,Christian plurality,48.26085548450859,Non-religious majority,52.52544134804946
Melton and Syston,CON,Edward Argar,Christian plurality,46.45162039358209,Non-religious plurality,46.931138900358846
Meriden and Solihull East,CON,Saqib Bhatti,Christian majority,50.935962238844546,Non-religious plurality,43.69793212769186
Merthyr Tydfil and Aberdare,LAB,Gerald Jones,Non-religious majority,52.77721401520958,Non-religious majority,61.41366442090508
Mid Bedfordshire,CON,Blake Stephenson,Christian plurality,47.48266094912643,Non-religious majority,50.91650207893308
Mid Buckinghamshire,CON,Greg Smith,Christian majority,50.20183797172434,Non-religious plurality,46.46671325606337
Mid Cheshire,LAB,Andrew Cooper,Christian majority,52.59095401276777,Non-religious plurality,49.827416352880334
Mid Derbyshire,LAB,Jonathan Davies,Christian plurality,48.86084560879142,Non-religious majority,51.714690695496934
Mid Dorset and North Poole,LDM,Vikki Slade,Christian plurality,48.464367389906705,Non-religious majority,51.80241386443485
Mid Leicestershire,CON,Peter Bedford,Christian plurality,42.21273810623231,Non-religious plurality,46.61630328886951
Mid Norfolk,CON,George Freeman,Christian plurality,49.69917475248104,Non-religious majority,50.90219634776088
Mid Sussex,LDM,Alison Bennett,Christian plurality,46.42998669723506,Non-religious majority,52.97279055094921
Mid and South Pembrokeshire,LAB,Henry Tufnell,Christian plurality,48.19288300390403,Non-religious majority,52.78965457186261
Middlesbrough South and East Cleveland,LAB,Luke Myer,Christian majority,52.94299942681398,Non-religious plurality,49.456942177127935
Middlesbrough and Thornaby East,LAB,Andy McDonald,Christian plurality,42.388071801253155,Non-religious plurality,45.009754912295776
Milton Keynes Central,LAB,Emily Darlington,Christian plurality,42.47249851425872,Non-religious plurality,40.0947315556375
Milton Keynes North,LAB,Chris Curtis,Non-religious plurality,43.21147824713537,Non-religious plurality,47.886438749499455
Mitcham and Morden,LAB,Siobhain McDonagh,Christian plurality,46.259274751393384,Christian plurality,41.25651735058965
Monmouthshire,LAB,Catherine Fookes,Christian plurality,47.68367492767733,Non-religious majority,52.810220628017824
Montgomeryshire and Glyndwr,LAB,Vacant,Christian plurality,47.002516803454554,Non-religious majority,52.91495696605707
Morecambe and Lunesdale,LAB,Lizzi Collinge,Christian majority,55.29484661489643,Christian plurality,48.06756165633723
Neath and Swansea East,LAB,Carolyn Harris,Non-religious majority,50.29479030151979,Non-religious majority,58.63875277607694
New Forest East,CON,Julian Lewis,Christian plurality,48.651807375751474,Non-religious majority,52.748024539177976
New Forest West,CON,Desmond Swayne,Christian majority,53.40205291085106,Non-religious plurality,47.0230284239925
Newark,RFM,Robert Jenrick,Christian majority,51.90384418224214,Non-religious plurality,49.743788761467364
Newbury,LDM,Lee Dillon,Christian plurality,47.36154642433861,Non-religious majority,51.36285216015067
Newcastle upon Tyne Central and West,LAB,Chi Onwurah,Christian plurality,40.06982561829496,Non-religious plurality,43.965807845169095
Newcastle upon Tyne East and Wallsend,LAB,Mary Glindon,Non-religious plurality,48.95124381810679,Non-religious majority,56.95915008091289
Newcastle upon Tyne North,LAB,Catherine McKinnell,Non-religious plurality,46.83219237365987,Non-religious majority,54.23771260161264
Newcastle-under-Lyme,LAB,Adam Jogee,Christian majority,50.13407117884965,Non-religious plurality,48.0898681518733
Newport East,LAB,Jessica Morden,Non-religious plurality,44.91867404243214,Non-religious majority,51.520938878484316
Newport West and Islwyn,LAB,Ruth Jones,Non-religious majority,50.99920545341502,Non-religious majority,58.7297649831931
Newton Abbot,LDM,Martin Wrigley,Non-religious plurality,46.70912468375945,Non-religious majority,55.441808023226
Newton Aycliffe and Spennymoor,LAB,Alan Strickland,Christian majority,52.26705423315685,Non-religious majority,51.67754888472624
Normanton and Hemsworth,LAB,Jon Trickett,Christian majority,50.21180399422182,Non-religious majority,53.21866071426909
North Bedfordshire,CON,Richard Fuller,Christian plurality,46.66271426306541,Non-religious majority,51.28771831589943
North Cornwall,LDM,Ben Maguire,Christian plurality,47.38434648076447,Non-religious majority,53.706569011861525
North Cotswolds,CON,Geoffrey Clifton-Brown,Christian majority,52.30248223232565,Non-religious plurality,48.19597630334954
North Devon,LDM,Ian Roome,Christian plurality,46.18515511538513,Non-religious majority,54.77198912206409
North Dorset,CON,Simon Hoare,Christian majority,51.989228135158626,Non-religious plurality,47.830883791909116
North Durham,LAB,Luke Akehurst,Christian majority,51.62812286840279,Non-religious majority,52.58242132599563
North East Cambridgeshire,CON,Steve Barclay,Christian majority,51.282401221325856,Non-religious plurality,49.071923949945116
North East Derbyshire,LAB,Louise Jones,Christian plurality,49.63215206313306,Non-religious majority,53.2626416428819
North East Hampshire,LDM,Alex Brewer,Christian plurality,48.81454518833731,Non-religious majority,51.229697349591504
North East Hertfordshire,LAB,Chris Hinchliff,Christian plurality,45.50881907565543,Non-religious majority,53.03399591266938
North East Somerset and Hanham,IND,Dan Norris,Non-religious plurality,48.39090107723234,Non-religious majority,56.68287901129382
North Herefordshire,GRN,Ellie Chowns,Christian majority,54.79819747878173,Christian plurality,47.569798350402365
North Norfolk,LDM,Steffan Aquarone,Christian majority,51.86390952358012,Non-religious plurality,48.449997437057924
North Northumberland,LAB,David Smith,Christian majority,55.668713212495945,Christian plurality,47.31053126787619
North Shropshire,LDM,Helen Morgan,Christian majority,56.08157994652074,Christian plurality,48.78623523986823
North Somerset,LAB,Sadik Al-Hassan,Christian plurality,47.34676070554245,Non-religious majority,53.95641379957671
North Warwickshire and Bedworth,LAB,Rachel Taylor,Christian majority,51.399659337453926,Non-religious plurality,47.48307027410774
North West Cambridgeshire,LAB,Sam Carling,Christian plurality,48.31491938738929,Non-religious plurality,47.1233217172901
North West Essex,CON,Kemi Badenoch,Christian plurality,48.41788016723167,Non-religious majority,50.910180930420665
North West Hampshire,CON,Kit Malthouse,Christian plurality,46.35466924230498,Non-religious majority,53.03523682126272
North West Leicestershire,LAB,Amanda Hack,Christian plurality,47.42685489068303,Non-religious majority,54.746212041147125
North West Norfolk,CON,James Wild,Christian majority,52.49488909605561,Non-religious plurality,47.87664583978911
Northampton North,LAB,Lucy Rigby,Christian plurality,47.633988408144816,Non-religious plurality,41.385189991087344
Northampton South,LAB,Mike Reader,Christian plurality,48.706262450335856,Non-religious plurality,43.88920961307307
Norwich North,LAB,Alice Macdonald,Non-religious majority,50.9267168367342,Non-religious majority,58.087499089657555
Norwich South,LAB,Clive Lewis,Non-religious majority,54.518780016076704,Non-religious majority,60.61065445128909
Nottingham East,LAB,Nadia Whittome,Non-religious plurality,40.03275855098297,Non-religious plurality,43.061533100075025
Nottingham North and Kimberley,LAB,Alex Norris,Non-religious plurality,45.550137274798395,Non-religious majority,50.61071356492802
Nottingham South,LAB,Lilian Greenwood,Non-religious plurality,44.239599663685524,Non-religious plurality,48.11036581666166
Nuneaton,LAB,Jodie Gosling,Christian plurality,47.02487028768331,Non-religious plurality,47.60484831973172
Old Bexley and Sidcup,CON,Louie French,Christian plurality,47.81656563434786,Non-religious plurality,43.17867309202483
Oldham East and Saddleworth,LAB,Debbie Abrahams,Christian plurality,46.35067502836793,Christian plurality,37.81965915259966
"Oldham West, Chadderton and Royton",LAB,Jim McMahon,Christian plurality,39.572086547695804,Muslim plurality,34.68064809735262
Orpington,CON,Gareth Bacon,Christian plurality,48.21352881890395,Non-religious plurality,44.228022607306194
Ossett and Denby Dale,LAB,Jade Botterill,Christian plurality,49.33077422665058,Non-religious majority,51.21061041529777
Oxford East,LAB,Anneliese Dodds,Christian plurality,39.09460405516425,Non-religious plurality,41.58378125091999
Oxford West and Abingdon,LDM,Layla Moran,Non-religious plurality,44.060529063937985,Non-religious plurality,49.254994062818156
Peckham,LAB,Miatta Fahnbulleh,Christian plurality,44.28054011038406,Non-religious plurality,40.29005970122364
Pendle and Clitheroe,LAB,Jonathan Hinder,Christian plurality,45.91555310048671,Christian plurality,37.74225094573514
Penistone and Stocksbridge,LAB,Marie Tidball,Christian majority,51.07347089112926,Non-religious majority,51.46708385977995
Penrith and Solway,LAB,Markus Campbell-Savours,Christian majority,56.98860811135238,Christian plurality,48.212697729893684
Peterborough,LAB,Andrew Pakes,Christian plurality,44.79138809793295,Christian plurality,38.4671992725001
Plymouth Moor View,LAB,Fred Thomas,Non-religious plurality,49.97862695426761,Non-religious majority,58.89075908115371
Plymouth Sutton and Devonport,LAB,Luke Pollard,Non-religious majority,52.81159851802391,Non-religious majority,60.93514280066679
"Pontefract, Castleford and Knottingley",LAB,Yvette Cooper,Christian plurality,47.93336917492058,Non-religious majority,55.331668016979904
Pontypridd,LAB,Alex Davies-Jones,Non-religious majority,56.549761080784954,Non-religious majority,64.78967011944144
Poole,LAB,Neil Duncan-Jordan,Christian plurality,46.271508109966305,Non-religious majority,52.10732461408887
Poplar and Limehouse,LAB,Apsana Begum,Muslim plurality,32.5246128168604,Muslim plurality,35.79740263529403
Portsmouth North,LAB,Amanda Martin,Non-religious plurality,49.50172069328494,Non-religious majority,56.860596625639324
Portsmouth South,LAB,Stephen Morgan,Non-religious plurality,47.27447637978362,Non-religious majority,53.67165193952985
Preston,LAB,Mark Hendrick,Christian plurality,43.063172898185954,Christian plurality,35.85836105806333
Putney,LAB,Fleur Anderson,Christian plurality,41.57037115286551,Non-religious plurality,41.54633428379778
Queen's Park and Maida Vale,LAB,Georgia Gould,Christian plurality,37.745200719654925,Christian plurality,34.064417780656356
Rawmarsh and Conisbrough,LAB,John Healey,Christian majority,50.521023760174856,Non-religious majority,53.215326283353406
Rayleigh and Wickford,CON,Mark Francois,Christian plurality,47.89007862135109,Non-religious majority,53.82648111738052
Reading Central,LAB,Matt Rodda,Christian plurality,37.790546819490714,Non-religious plurality,41.16214287367563
Reading West and Mid Berkshire,LAB,Olivia Bailey,Christian plurality,47.01927260949462,Non-religious plurality,48.24280998718174
Redcar,LAB,Anna Turley,Christian majority,51.01320553351687,Non-religious majority,51.67627045949611
Redditch,LAB,Christopher Bloore,Christian plurality,48.9559215218685,Non-religious plurality,48.693026663586444
Reigate,CON,Rebecca Paul,Christian plurality,48.5803283982489,Non-religious plurality,45.17253311573587
Rhondda and Ogmore,LAB,Chris Bryant,Non-religious majority,62.425175128888334,Non-religious majority,70.08610987743543
Ribble Valley,LAB,Maya Ellis,Christian majority,61.979471499688835,Christian majority,54.54491725299063
Richmond Park,LDM,Sarah Olney,Christian plurality,42.690631374371,Non-religious plurality,44.29289190775212
Richmond and Northallerton,CON,Rishi Sunak,Christian majority,56.184047795940074,Christian plurality,48.40804948959098
Rochdale,LAB,Paul Waugh,Christian plurality,38.084960289126265,Non-religious plurality,32.1862762941636
Rochester and Strood,LAB,Lauren Edwards,Non-religious plurality,45.04559033857711,Non-religious majority,52.530706330202015
Romford,RFM,Andrew Rosindell,Christian plurality,49.86450800251705,Christian plurality,42.17433586883045
Romsey and Southampton North,CON,Caroline Nokes,Christian plurality,48.39579696997022,Non-religious plurality,48.10919648348858
Rossendale and Darwen,LAB,Andy MacNae,Christian majority,50.485769612081356,Non-religious plurality,49.009638012249596
Rother Valley,LAB,Jake Richards,Christian majority,50.81291899175212,Non-religious majority,52.030336622601546
Rotherham,LAB,Sarah Champion,Christian plurality,43.809053122990164,Non-religious plurality,49.37018228902313
Rugby,LAB,John Slinger,Christian plurality,49.139398832995276,Non-religious plurality,44.6122817513812
"Ruislip, Northwood and Pinner",CON,David Simmonds,Christian plurality,38.87849880055009,Christian plurality,35.01365092124443
Runcorn and Helsby,RFM,Sarah Pochin,Christian majority,52.43118014196858,Non-religious majority,50.35279420816751
Runnymede and Weybridge,CON,Ben Spencer,Christian majority,51.43372248588097,Christian plurality,44.48438951750055
Rushcliffe,LAB,James Naish,Non-religious plurality,46.3196829178851,Non-religious majority,54.29809614900041
Rutland and Stamford,CON,Alicia Kearns,Christian majority,52.96610143089324,Non-religious plurality,44.73536917657304
Salford,LAB,Rebecca Long-Bailey,Christian plurality,42.42568323588215,Non-religious plurality,47.48967211600109
Salisbury,CON,John Glen,Christian majority,52.0507399330169,Non-religious plurality,47.89091413044156
Scarborough and Whitby,LAB,Alison Hume,Christian majority,51.493531025770686,Non-religious plurality,49.22030484587365
Scunthorpe,LAB,Nicholas Dakin,Christian plurality,49.88560628592672,Non-religious plurality,48.48372232631678
Sefton Central,LAB,Bill Esterson,Christian majority,67.22058428234283,Christian majority,60.18424233926131
Selby,LAB,Keir Mather,Christian majority,51.58495077369145,Non-religious majority,50.706396383352526
Sevenoaks,CON,Laura Trott,Christian majority,50.229826426499244,Non-religious plurality,48.777283557391094
Sheffield Brightside and Hillsborough,LAB,Gill Furniss,Non-religious plurality,40.47965391218259,Non-religious plurality,45.722995707673796
Sheffield Central,LAB,Abtisam Mohamed,Non-religious majority,51.01246703850999,Non-religious majority,55.93702377607772
Sheffield Hallam,LAB,Olivia Blake,Non-religious plurality,47.75799651865999,Non-religious majority,55.231702865077246
Sheffield Heeley,LAB,Louise Haigh,Non-religious plurality,48.545151128447024,Non-religious majority,55.5493107896467
Sheffield South East,LAB,Clive Betts,Non-religious plurality,42.09879045990826,Non-religious plurality,48.34295701123029
Sherwood Forest,LAB,Michelle Welsh,Non-religious plurality,47.52556803520354,Non-religious majority,55.9906698108259
Shipley,LAB,Anna Dixon,Christian plurality,45.54500377258254,Non-religious majority,50.147649147842785
Shrewsbury,LAB,Julia Buckley,Christian plurality,49.61802896970574,Non-religious majority,50.77073402716975
Sittingbourne and Sheppey,LAB,Kevin McKenna,Non-religious plurality,46.63855843031548,Non-religious majority,55.54809554417438
Skipton and Ripon,CON,Julian Smith,Christian majority,54.110831101282265,Christian plurality,46.757555167820406
Sleaford and North Hykeham,CON,Caroline Johnson,Christian majority,51.90622062117279,Non-religious majority,50.68585679372594
Slough,LAB,Tan Dhesi,Christian plurality,31.088117450183724,Muslim plurality,33.15108059820175
Smethwick,LAB,Gurinder Josan,Christian plurality,35.097581792138485,Christian plurality,27.41978909482458
Solihull West and Shirley,CON,Neil Shastri-Hurst,Christian plurality,49.260558652456524,Christian plurality,41.01495488675147
South Basildon and East Thurrock,IND,James McMurdock,Christian plurality,47.1829439669287,Non-religious plurality,49.79695900202129
South Cambridgeshire,LDM,Pippa Heylings,Christian plurality,44.801445263875635,Non-religious plurality,49.502292293496296
South Cotswolds,LDM,Roz Savage,Christian majority,52.574303677062176,Non-religious plurality,47.60329343026104
South Derbyshire,LAB,Samantha Niblett,Christian plurality,46.17069790546772,Non-religious majority,52.89973247097033
South Devon,LDM,Caroline Voaden,Christian plurality,46.67666115634288,Non-religious majority,53.39135421729512
South Dorset,LAB,Lloyd Hatton,Christian plurality,47.63898155471739,Non-religious majority,52.82028187677683
South East Cornwall,LAB,Anna Gelderd,Christian plurality,47.842693781805224,Non-religious majority,53.65209736186569
South Holland and The Deepings,CON,John Hayes,Christian majority,56.71854727482375,Christian plurality,48.598585829032395
South Leicestershire,CON,Alberto Costa,Christian plurality,46.93011906902177,Non-religious majority,53.35334052693014
South Norfolk,LAB,Ben Goldsborough,Non-religious plurality,47.08250517934257,Non-religious majority,55.47902611424409
South Northamptonshire,CON,Sarah Bool,Christian plurality,49.46621609923933,Non-religious plurality,49.77297555122431
South Ribble,LAB,Paul Foster,Christian majority,60.442499861239774,Christian majority,52.517236845092306
South Shields,LAB,Emma Lewell,Christian plurality,49.83647761561094,Non-religious majority,51.05926492220636
South Shropshire,CON,Stuart Anderson,Christian majority,57.877448662896846,Christian majority,50.70294100291475
South Suffolk,CON,James Cartlidge,Christian plurality,48.69451359901473,Non-religious majority,51.82857694873605
South West Devon,CON,Rebecca Smith,Christian plurality,49.04866396076892,Non-religious majority,53.364492352867664
South West Hertfordshire,CON,Gagan Mohindra,Christian plurality,46.20245328811453,Christian plurality,39.87668763839601
South West Norfolk,LAB,Terry Jermy,Christian plurality,49.2394805295009,Non-religious majority,51.39093670482487
South West Wiltshire,CON,Andrew Murrison,Christian plurality,47.17433216370007,Non-religious majority,52.839964478842106
Southampton Itchen,LAB,Darren Paffey,Non-religious plurality,48.11947749478217,Non-religious majority,54.137076468904944
Southampton Test,LAB,Satvir Kaur,Non-religious plurality,43.1241943333374,Non-religious plurality,48.428491591070944
Southend East and Rochford,LAB,Bayo Alaba,Non-religious plurality,46.92264792854943,Non-religious majority,54.586838485903556
Southend West and Leigh,LAB,David Burton-Sampson,Non-religious plurality,46.171084546129926,Non-religious majority,53.58899869193545
Southgate and Wood Green,LAB,Bambos Charalambous,Christian plurality,43.99572675605411,Christian plurality,39.4224493024674
Southport,LAB,Patrick Hurley,Christian majority,57.44223823867799,Christian plurality,49.44974972857686
Spelthorne,CON,Lincoln Jopp,Christian plurality,49.15889925738271,Christian plurality,42.16159689667482
Spen Valley,LAB,Kim Leadbeater,Christian plurality,46.56540445932837,Non-religious plurality,48.040915302966816
St Albans,LDM,Daisy Cooper,Christian plurality,43.4452079867237,Non-religious plurality,45.66676021548427
St Austell and Newquay,LAB,Noah Law,Non-religious plurality,49.3409981663654,Non-religious majority,57.948344062031964
St Helens North,LAB,David Baines,Christian majority,60.390927825844734,Christian majority,50.59763749570647
St Helens South and Whiston,LAB,Marie Rimmer,Christian majority,60.842227848563745,Christian majority,51.18244202849582
St Ives,LDM,Andrew George,Non-religious plurality,46.99867300497419,Non-religious majority,55.61293935520539
St Neots and Mid Cambridgeshire,LDM,Ian Sollom,Non-religious plurality,47.92383981301118,Non-religious majority,55.13397620355212
Stafford,LAB,Leigh Ingham,Christian majority,51.601452335360364,Non-religious plurality,47.26857823350589
Staffordshire Moorlands,CON,Karen Bradley,Christian majority,57.375369509285015,Christian plurality,49.32844457251961
Stalybridge and Hyde,LAB,Jonathan Reynolds,Christian plurality,45.663239985179935,Non-religious majority,51.12161889012573
Stevenage,LAB,Kevin Bonavia,Non-religious plurality,45.44856081556377,Non-religious majority,51.824419128461685
Stockport,LAB,Navendu Mishra,Non-religious plurality,45.63715061467318,Non-religious majority,53.248507729176254
Stockton North,LAB,Chris McDonald,Christian plurality,46.71627490858102,Non-religious majority,52.70377180795213
Stockton West,CON,Matt Vickers,Christian majority,54.30533867092202,Non-religious plurality,46.31978113975097
Stoke-on-Trent Central,LAB,Gareth Snell,Christian plurality,43.89014276424618,Non-religious plurality,46.87171067940576
Stoke-on-Trent North,LAB,David Williams,Christian plurality,47.22240521845045,Non-religious plurality,46.83627956201779
Stoke-on-Trent South,LAB,Allison Gardner,Christian majority,52.37612735542887,Non-religious plurality,44.03870252905951
"Stone, Great Wyrley and Penkridge",CON,Gavin Williamson,Christian majority,56.85396382403128,Christian plurality,48.73203297710275
Stourbridge,LAB,Cat Eccles,Christian plurality,47.64246051205122,Non-religious plurality,46.261273524410065
Stratford and Bow,LAB,Uma Kumaran,Christian plurality,29.36286932324648,Non-religious plurality,31.879749510497064
Stratford-on-Avon,LDM,Manuela Perteghella,Christian majority,55.4976527552246,Christian plurality,47.51862579802618
Streatham and Croydon North,LAB,Steve Reed,Christian plurality,44.79278433580154,Christian plurality,39.83339369796503
Stretford and Urmston,LAB,Andrew Western,Christian plurality,44.88252695587472,Non-religious plurality,41.786038262822416
Stroud,LAB,Simon Opher,Non-religious plurality,46.93678289655889,Non-religious majority,55.15279425618915
Suffolk Coastal,LAB,Jenny Riddell-Carpenter,Christian plurality,49.07114018251006,Non-religious majority,52.08816357591996
Sunderland Central,LAB,Lewis Atkinson,Christian majority,51.421883369995015,Non-religious plurality,47.950904472745094
Surrey Heath,LDM,Al Pinkerton,Christian plurality,48.70033433120536,Non-religious plurality,44.920966380173354
Sussex Weald,CON,Nusrat Ghani,Christian plurality,48.111388444617894,Non-religious majority,52.68838996100313
Sutton Coldfield,CON,Andrew Mitchell,Christian majority,51.17747891707916,Christian plurality,44.03030545487992
Sutton and Cheam,LDM,Luke Taylor,Christian plurality,44.58086502296781,Christian plurality,37.78405316765156
Swansea West,LAB,Torsten Bell,Non-religious plurality,49.15548597241863,Non-religious majority,56.10914091547762
Swindon North,LAB,Will Stone,Christian plurality,45.09351298354257,Non-religious majority,50.69363497167917
Swindon South,LAB,Heidi Alexander,Christian plurality,46.39981815027021,Non-religious plurality,44.27188635354598
Tamworth,LAB,Sarah Edwards,Christian plurality,49.752926770810596,Non-religious majority,51.12743310296869
Tatton,CON,Esther McVey,Christian majority,53.69840042792797,Christian plurality,45.51922783898178
Taunton and Wellington,LDM,Gideon Amos,Christian plurality,47.70897602360329,Non-religious majority,51.881940474834366
Telford,LAB,Shaun Davies,Non-religious plurality,45.60581205071274,Non-religious majority,53.54924324684589
Tewkesbury,LDM,Cameron Thomas,Christian plurality,49.34254934214415,Non-religious majority,50.18740956868722
The Wrekin,CON,Mark Pritchard,Christian majority,51.666601227369355,Non-religious plurality,44.3598818649579
Thirsk and Malton,CON,Kevin Hollinrake,Christian majority,56.757434896196024,Christian plurality,48.84164078261109
Thornbury and Yate,LDM,Claire Young,Non-religious plurality,46.56701366705009,Non-religious majority,55.19813865493024
Thurrock,LAB,Jennifer Craft,Christian majority,51.438552952800634,Christian plurality,44.30626916761763
Tipton and Wednesbury,LAB,Antonia Bance,Christian plurality,44.11474113715371,Non-religious plurality,38.06890351052814
Tiverton and Minehead,LDM,Rachel Gilmour,Christian plurality,49.20977885755762,Non-religious majority,51.48456442523407
Tonbridge,CON,Thomas Tugendhat,Christian plurality,48.679650919075996,Non-religious majority,51.27246575204632
Tooting,LAB,Rosena Allin-Khan,Non-religious plurality,40.118350025055115,Non-religious plurality,44.497242498929005
Torbay,LDM,Steve Darling,Christian plurality,47.460038212453064,Non-religious majority,52.84430335325803
Torfaen,LAB,Nick Thomas-Symonds,Non-religious majority,51.511226305061406,Non-religious majority,59.56094602002737
Torridge and Tavistock,CON,Geoffrey Cox,Christian plurality,48.53746441019176,Non-religious majority,52.299159851003864
Tottenham,LAB,David Lammy,Christian plurality,40.40994217528125,Christian plurality,36.26674078739669
Truro and Falmouth,LAB,Jayne Kirkham,Non-religious plurality,48.9922002747029,Non-religious majority,57.49514577019599
Tunbridge Wells,LDM,Mike Martin,Christian plurality,47.85124565441873,Non-religious plurality,49.97925407269269
Twickenham,LDM,Munira Wilson,Christian plurality,42.68752157709997,Non-religious plurality,47.498864927548226
Tynemouth,LAB,Alan Campbell,Non-religious plurality,47.99801845616179,Non-religious majority,57.419634581065196
Uxbridge and South Ruislip,LAB,Danny Beales,Christian plurality,42.32347307954892,Christian plurality,36.7050688345751
Vale of Glamorgan,LAB,Kanishka Narayan,Non-religious majority,50.40530097957897,Non-religious majority,58.45876994201609
Vauxhall and Camberwell Green,LAB,Florence Eshalomi,Christian plurality,43.033092645816005,Non-religious plurality,42.30280225665299
Wakefield and Rothwell,LAB,Simon Lightwood,Christian plurality,44.73185792127993,Non-religious plurality,49.016705667552365
Wallasey,LAB,Angela Eagle,Christian majority,50.65489585059177,Non-religious majority,51.28324092272805
Walsall and Bloxwich,LAB,Valerie Vaz,Christian plurality,38.48436306909437,Non-religious plurality,31.90753540341385
Walthamstow,LAB,Stella Creasy,Christian plurality,34.38662568984471,Non-religious plurality,37.58135782583653
Warrington North,LAB,Charlotte Nichols,Christian majority,55.13228500221711,Christian plurality,46.95203991336801
Warrington South,LAB,Sarah Hall,Christian majority,55.17678717164426,Christian plurality,47.05282282452977
Warwick and Leamington,LAB,Matt Western,Non-religious plurality,42.65946729838559,Non-religious plurality,49.0763007327623
Washington and Gateshead South,LAB,Sharon Hodgson,Christian plurality,49.99410925766307,Non-religious majority,54.15888554151894
Watford,LAB,Matt Turmaine,Christian plurality,43.34698469587418,Christian plurality,38.01569144966717
Waveney Valley,GRN,Adrian Ramsay,Christian plurality,49.9278726811917,Non-religious majority,51.68159038532634
Weald of Kent,CON,Katie Lam,Christian majority,52.66832923694243,Non-religious plurality,48.215437154089315
Wellingborough and Rushden,LAB,Gen Kitchen,Christian plurality,45.24194484428257,Non-religious majority,50.562640955836166
Wells and Mendip Hills,LDM,Tessa Munt,Christian plurality,49.82312074124911,Non-religious majority,51.14911486703042
Welwyn Hatfield,LAB,Andrew Lewin,Christian plurality,45.61881504012991,Non-religious plurality,44.08612274351756
West Bromwich,LAB,Sarah Coombes,Christian plurality,38.86028765503596,Christian plurality,31.046709642386496
West Dorset,LDM,Edward Morello,Christian majority,52.021221354397106,Non-religious plurality,47.743712546274715
West Ham and Beckton,LAB,James Asser,Christian plurality,44.54281882267435,Christian plurality,40.3556868563747
West Lancashire,LAB,Ashley Dalton,Christian majority,58.410537516064146,Christian plurality,49.844775290664394
West Suffolk,CON,Nick Timothy,Christian plurality,47.076686118724076,Non-religious majority,51.98595695709363
West Worcestershire,CON,Harriett Baldwin,Christian majority,53.28734534266778,Non-religious plurality,47.11018219366031
Westmorland and Lonsdale,LDM,Tim Farron,Christian majority,53.64681885028354,Non-religious plurality,46.71499964648901
Weston-super-Mare,LAB,Dan Aldridge,Non-religious plurality,48.020024342922206,Non-religious majority,56.288528504469426
Wetherby and Easingwold,CON,Alec Shelbrooke,Christian majority,57.00959892686005,Christian plurality,49.24525566464626
Whitehaven and Workington,LAB,Josh MacAlister,Christian majority,61.6838758476265,Christian majority,52.942877995705395
Widnes and Halewood,LAB,Derek Twigg,Christian majority,62.95563843612748,Christian majority,54.04080350509752
Wigan,LAB,Lisa Nandy,Christian majority,61.743256563518344,Christian majority,53.07075893071579
Wimbledon,LDM,Paul Kohler,Christian plurality,44.64660990413651,Christian plurality,39.523001528191514
Winchester,LDM,Danny Chambers,Christian plurality,47.4091163591182,Non-religious majority,51.40338266649125
Windsor,CON,Jack Rankin,Christian plurality,46.71366909385677,Christian plurality,40.22305756043405
Wirral West,LAB,Matthew Patrick,Christian majority,59.69371783525278,Christian majority,51.28204720997175
Witham,CON,Priti Patel,Christian plurality,47.87469468737516,Non-religious majority,52.68557897143123
Witney,LDM,Charlie Maynard,Christian plurality,49.60896971121115,Non-religious majority,51.175786130288316
Woking,LDM,Will Forster,Christian plurality,46.4553578632675,Non-religious plurality,41.60631951020216
Wokingham,LDM,Clive Jones,Christian plurality,46.69325444799915,Non-religious plurality,47.59194084721177
Wolverhampton North East,LAB,Sureena Brackenridge,Christian plurality,48.37148175094318,Christian plurality,41.12798522901892
Wolverhampton South East,LAB,Pat McFadden,Christian plurality,41.47895309300533,Non-religious plurality,36.69077964258487
Wolverhampton West,LAB,Warinder Juss,Christian plurality,41.50933016114902,Christian plurality,35.08015955872686
Worcester,LAB,Tom Collins,Christian plurality,47.49933692630885,Non-religious plurality,48.87445904485369
Worsley and Eccles,LAB,Michael Wheeler,Christian majority,51.77375022021252,Non-religious plurality,46.61546770447424
Worthing West,LAB,Beccy Cooper,Christian plurality,45.92708261366739,Non-religious majority,53.260463933925536
Wrexham,LAB,Andrew Ranger,Christian plurality,49.993565901813916,Non-religious plurality,49.37664279787485
Wycombe,LAB,Emma Reynolds,Christian plurality,39.89247081123197,Non-religious plurality,36.31657654501221
Wyre Forest,CON,Mark Garnier,Christian majority,52.46036694957507,Non-religious plurality,48.64631132810111
Wythenshawe and Sale East,LAB,Mike Kane,Christian plurality,45.065356817530486,Non-religious plurality,48.460939369740835
Yeovil,LDM,Adam Dance,Christian majority,51.3073978924715,Non-religious plurality,48.91686735895174
Ynys Môn,PC,Llinos Medi,Christian majority,51.24503313095201,Non-religious plurality,49.78963839920539
York Central,LAB,Rachael Maskell,Non-religious majority,53.292317003515464,Non-religious majority,61.32588637664133
York Outer,LAB,Luke Charters,Christian plurality,49.556726928465366,Non-religious majority,51.23076300360388
Aberdeen North,SNP,Kirsty Blackman,Non-religious majority,60.67420175953134,Non-religious majority,64.4564323276776
Aberdeen South,VAC,Vacant,Non-religious majority,58.5406763538225,Non-religious majority,62.42398388126746
Aberdeenshire North and Moray East,SNP,Seamus Logan,Non-religious majority,57.43803270839823,Non-religious majority,65.60422230981237
Airdrie and Shotts,LAB,Kenneth Stevenson,Christian majority,55.10853704569724,Christian plurality,47.037921337190696
Alloa and Grangemouth,LAB,Brian Leishman,Non-religious majority,57.68815178340921,Non-religious majority,65.29612201481176
Angus and Perthshire Glens,SNP,Dave Doogan,Non-religious majority,54.790665083362455,Non-religious majority,62.952399336842966
Arbroath and Broughty Ferry,VAC,Vacant,Non-religious majority,58.110948258921304,Non-religious majority,65.69422064262288
"Argyll, Bute and South Lochaber",SNP,Brendan O'Hara,Non-religious plurality,49.201613464617736,Non-religious majority,57.59466464539966
"Ayr, Carrick and Cumnock",LAB,Elaine Stewart,Non-religious majority,51.829651446593594,Non-religious majority,60.589334363326266
Bathgate and Linlithgow,LAB,Kirsteen Sullivan,Non-religious majority,54.125384805960984,Non-religious majority,61.630576561581144
"Berwickshire, Roxburgh and Selkirk",CON,John Lamont,Non-religious majority,55.25701201888762,Non-religious majority,63.96585732322072
"Caithness, Sutherland and Easter Ross",LDM,Jamie Stone,Non-religious majority,55.629108728228594,Non-religious majority,64.00095667304451
Central Ayrshire,LAB,Alan Gemmell,Non-religious majority,51.060017098091734,Non-religious majority,59.7052136019211
Coatbridge and Bellshill,LAB,Frank McNally,Christian majority,57.2361672061064,Christian plurality,49.255054869466804
Cowdenbeath and Kirkcaldy,LAB,Melanie Ward,Non-religious majority,61.63779413700403,Non-religious majority,68.78062752495889
Cumbernauld and Kirkintilloch,LAB,Katrina Murray,Christian plurality,46.02386395724831,Non-religious majority,53.2366272888429
Dumfries and Galloway,CON,John Cooper,Non-religious majority,52.86140021777784,Non-religious majority,61.869177428080036
"Dumfriesshire, Clydesdale and Tweeddale",CON,David Mundell,Non-religious majority,53.59616400539286,Non-religious majority,61.548082536360404
Dundee Central,SNP,Chris Law,Non-religious majority,54.94223023027119,Non-religious majority,60.908391536978215
Dunfermline and Dollar,LAB,Graeme Downie,Non-religious majority,61.41824167012233,Non-religious majority,68.6053999736279
East Kilbride and Strathaven,IND,Joani Reid,Non-religious plurality,49.44950885333136,Non-religious majority,57.11705144818529
East Renfrewshire,LAB,Blair McDougall,Christian plurality,44.886465483993874,Non-religious plurality,45.02402020417933
Edinburgh East and Musselburgh,LAB,Chris Murray,Non-religious majority,59.529660921529036,Non-religious majority,64.21135421547213
Edinburgh North and Leith,LAB,Tracy Gilbert,Non-religious majority,60.390489696886284,Non-religious majority,64.91307106122846
Edinburgh South,LAB,Ian Murray,Non-religious majority,57.63877018510585,Non-religious majority,62.59839454854431
Edinburgh South West,LAB,Scott Arthur,Non-religious majority,57.29879550795394,Non-religious majority,61.75084133998949
Edinburgh West,LDM,Christine Jardine,Non-religious majority,55.26797571148981,Non-religious majority,60.42906117379746
Falkirk,LAB,Euan Stainbank,Non-religious majority,54.370175850505596,Non-religious majority,62.206336127679954
Glasgow East,LAB,John Grady,Christian plurality,41.250614086054476,Non-religious plurality,45.58922629508429
Glasgow North,LAB,Martin Rhodes,Non-religious majority,50.9070575925991,Non-religious majority,55.656083518421674
Glasgow North East,LAB,Maureen Burke,Christian plurality,43.80539504452592,Non-religious plurality,48.14609225394783
Glasgow South,LAB,Gordon McKee,Non-religious plurality,47.19823683100533,Non-religious majority,52.58677029709732
Glasgow South West,LAB,Zubir Ahmed,Non-religious plurality,41.083758349427804,Non-religious plurality,45.33522587600724
Glasgow West,LAB,Patricia Ferguson,Non-religious majority,51.3712171358999,Non-religious majority,56.9550944263899
Glenrothes and Mid Fife,LAB,Richard Baker,Non-religious majority,64.57493085135145,Non-religious majority,71.51640215354361
Gordon and Buchan,CON,Harriet Cross,Non-religious majority,60.27872412159648,Non-religious majority,68.00062663535333
Hamilton and Clyde Valley,LAB,Imogen Walker,Christian plurality,47.269110480024324,Non-religious majority,52.49506180317803
Inverclyde and Renfrewshire West,LAB,Martin McCluskey,Christian majority,58.11435093902997,Christian majority,50.53456217593578
"Inverness, Skye and West Ross-shire",LDM,Angus MacDonald,Non-religious majority,54.46818158346116,Non-religious majority,62.75018287829318
Kilmarnock and Loudoun,LAB,Lillian Jones,Non-religious majority,55.17142427609395,Non-religious majority,64.01754797757377
Livingston,LAB,Gregor Poynton,Non-religious majority,55.50169456542662,Non-religious majority,62.39910916821756
Lothian East,LAB,Douglas Alexander,Non-religious majority,58.16584150024382,Non-religious majority,66.29031078213421
Mid Dunbartonshire,LDM,Susan Murray,Christian plurality,46.109471425340466,Non-religious majority,51.22201456851887
Midlothian,LAB,Kirsty McNeill,Non-religious majority,61.043001705865066,Non-religious majority,68.36507146952125
"Moray West, Nairn and Strathspey",SNP,Graham Leadbitter,Non-religious majority,58.255908088825045,Non-religious majority,66.52714657440477
"Motherwell, Wishaw and Carluke",LAB,Pamela Nash,Christian majority,50.8112142226195,Non-religious plurality,48.70908906679332
Na h-Eileanan an Iar,LAB,Torcuil Crichton,Christian majority,62.70824403449103,Christian majority,56.44484196223579
North Ayrshire and Arran,LAB,Irene Campbell,Non-religious plurality,48.6904246969524,Non-religious majority,57.35040548482758
North East Fife,LDM,Wendy Chamberlain,Non-religious majority,55.37667105003039,Non-religious majority,63.20724680799873
Orkney and Shetland,LDM,Alistair Carmichael,Non-religious majority,59.78563094673801,Non-religious majority,67.98147588330814
Paisley and Renfrewshire North,LAB,Alison Taylor,Non-religious plurality,47.138012104514466,Non-religious majority,54.106838408486965
Paisley and Renfrewshire South,LAB,Johanna Baxter,Non-religious plurality,48.65261095073401,Non-religious majority,56.12080807294036
Perth and Kinross-shire,SNP,Pete Wishart,Non-religious majority,53.807255280237875,Non-religious majority,61.40766935944085
Rutherglen,LAB,Michael Shanks,Christian plurality,47.884684212912084,Non-religious plurality,49.99593060937861
Stirling and Strathallan,LAB,Chris Kane,Non-religious majority,53.35033328728268,Non-religious majority,60.890222372287376
West Aberdeenshire and Kincardine,CON,Andrew Bowie,Non-religious majority,59.28019890999001,Non-religious majority,67.01323979588123
West Dunbartonshire,LAB,Douglas McAllister,Christian plurality,49.95149437451771,Non-religious majority,50.242669765018846
Belfast East,DUP,Gavin Robinson,Christian majority,62.967124195432845,Christian majority,57.555519562400484
Belfast North,SF,John Finucane,Christian majority,75.56018923218939,Christian majority,71.50024688203995
Belfast South and Mid Down,SDLP,Claire Hanna,Christian majority,65.0831007351879,Christian majority,59.84039590022673
Belfast West,SF,Paul Maskey,Christian majority,85.83539436154162,Christian majority,83.20817916750845
East Antrim,DUP,Sammy Wilson,Christian majority,72.36185275995449,Christian majority,67.35644271725924
East Londonderry,DUP,Gregory Campbell,Christian majority,82.38287661327564,Christian majority,79.13387416587985
Fermanagh and South Tyrone,SF,Pat Cullen,Christian majority,87.80767015640319,Christian majority,85.41554064962587
Foyle,SDLP,Colum Eastwood,Christian majority,87.29067212917136,Christian majority,85.07294831890128
Lagan Valley,APNI,Sorcha Eastwood,Christian majority,73.46772384652594,Christian majority,68.82693328180775
Mid Ulster,SF,Cathal Mallaghan,Christian majority,90.51566117053844,Christian majority,88.61369749294698
Newry and Armagh,SF,Dáire Hughes,Christian majority,88.00766736757657,Christian majority,85.75707086590205
North Antrim,TUV,Jim Allister,Christian majority,81.04703249265867,Christian majority,77.40440383593969
North Down,IND,Alex Easton,Christian majority,64.01592949578713,Christian majority,58.48066398077236
South Antrim,UUP,Robin Swann,Christian majority,75.55467600940979,Christian majority,71.36048574842681
South Down,SF,Christopher Hazzard,Christian majority,87.13683348617243,Christian majority,84.75228345693426
Strangford,DUP,Jim Shannon,Christian majority,72.41949528516635,Christian majority,67.83092539364146
Upper Bann,DUP,Carla Lockhart,Christian majority,80.2468944261926,Christian majority,76.15091455568009
West Tyrone,SF,Órfhlaith Begley,Christian majority,91.01485256853205,Christian majority,89.25825604095898
